prompt,generation,Distinct-1,Distinct-2,Repetition-2,Distinct-3,Repetition-3
Tell me about robotics and autonomous drones.,"[BOS]<|user|>
Tell me about robotics and autonomous drones.
<|assistant|>
Once time, there was a girl named Lily. She was three three years old and she only only three years old. She was curious. One day, she was playing in the garden when in the garden.

She asked, ""Can I go in the garden in the garden?""

""Can I go and play in the garden?"" she asked.

Lily smiled. ""Can I go and play in the garden?"" she asked.

OfYes, I can go outside in the garden?"" she asked.

""Sure, please,"" said replied the parent.

""Yes, I can go outside",0.3829787234042553,0.65,0.35,0.7769784172661871,0.2230215827338129
Explain why mathematics is important in machine learning.,"[BOS]<|user|>
Explain why mathematics is important in machine learning.
<|assistant|>
Anna was very excited to play outside in the park. She ran to the park and saw a big slide. It was a big slide. Anna had a big slide on the slide. 

""Look at Anna, look!"" Anna said.

""Wow, there's a big slide!"" Anna said.

They reached the slide. They sat on the slide and played on the slide.

""Look, Anna, a big slide!"" Anna said.

GoodWow, let's slide!"" Anna said.

""OK, so fun!"" Anna said.

They climbed on the slide slide and slide",0.39436619718309857,0.6524822695035462,0.34751773049645385,0.7928571428571428,0.20714285714285718
"Tell me about a person interested in LLMs, mathematics and robotics.","[BOS]<|user|>
Tell me about a person interested in LLMs, mathematics and robotics.
<|assistant|>
Anna was very excited. She wanted to go to the store with her mom and her mom. She walked to the store to the store. Her mom her mom and dad hugged her dad.

""Come, Mommy,"" mom said. She ran to the store. She ran to the store. She saw her mom and dad and dad. She was very sad. They hugged mom and hugged her mom.

""What are you doing okay, mom?"" mom asked.

AreWhat happened?"" mom asked.

""I'm sorry,"" her mom said.

""I'm sorry, mom,"" her mom knew",0.3933333333333333,0.6375838926174496,0.36241610738255037,0.831081081081081,0.16891891891891897
What is artificial intelligence?,"[BOS]<|user|>
What is artificial intelligence?
<|assistant|>
There was a little girl. She was three years old and loved to explore. One day, she saw a girl in the garden. She saw a little girl in the garden. It was a little girl! She was so happy, but she wanted to explore the world.

Just suddenly the she came to the little girl saw the little girl.

The little girl smiled and said, ""I'm sorry, little girl. I'm looking for you.""

The little girl smiled and said, ""I'm so brave. I'm here to go in the garden."

The little little girl smiled and nodded goodbye",0.4097222222222222,0.6643356643356644,0.3356643356643356,0.795774647887324,0.204225352112676
Explain neural networks in simple terms.,"[BOS]<|user|>
Explain neural networks in simple terms.
<|assistant|>
One day, a clever little girl. She was three years old. She was three years old and she liked to learn new new. She liked to learn things. She liked to learn something new things to learn new things.

One day, she saw something shiny inside. It was very shiny. It was so shiny and it thought it sparkled inside. She wanted to see what it was. She picked it up but it was too big and shiny. She wanted to touch it.

She picked it up and picked it up and picked it up. put it on it inside. She wanted to see what it was inside",0.3706293706293706,0.647887323943662,0.352112676056338,0.7943262411347518,0.2056737588652482
